<?xml version="1.0" encoding="UTF-8"?>
<project-private xmlns="http://www.netbeans.org/ns/project-private/1">
    <editor-bookmarks xmlns="http://www.netbeans.org/ns/editor-bookmarks/2" lastBookmarkId="0"/>
    <open-files xmlns="http://www.netbeans.org/ns/projectui-open-files/2">
        <group>
            <file>file:/C:/Users/Lwandile.Toto/Documents/NetBeansProjects/Student%20Grading%20System/src/student/grading/system/Person.java</file>
            <file>file:/C:/Users/Lwandile.Toto/Documents/NetBeansProjects/Student%20Grading%20System/src/student/grading/system/Instructor.java</file>
            <file>file:/C:/Users/Lwandile.Toto/Documents/NetBeansProjects/Student%20Grading%20System/src/student/grading/system/Student.java</file>
            <file>file:/C:/Users/Lwandile.Toto/Documents/NetBeansProjects/Student%20Grading%20System/src/student/grading/system/StudentGradingSystem.java</file>
            <file>file:/C:/Users/Lwandile.Toto/Documents/NetBeansProjects/Student%20Grading%20System/src/student/grading/system/Course.java</file>
        </group>
    </open-files>
</project-private>
